[
  {
    "name": "Charles",
    "number": "40691"
  },
  {
    "name": "Sergio",
    "number": "42689"
  },
  {
    "name": "Kasey",
    "number": "60146"
  },
  {
    "name": "Vincent",
    "number": "59141"
  },
  {
    "name": "Ruth",
    "number": "55134"
  },
  {
    "name": "Donald",
    "number": "23858"
  },
  {
    "name": "Christine",
    "number": "35717"
  },
  {
    "name": "Helene",
    "number": "72500"
  },
  {
    "name": "Brian",
    "number": "44756"
  },
  {
    "name": "Wanda",
    "number": "97523"
  },
  {
    "name": "Elaine",
    "number": "48685"
  },
  {
    "name": "Blake",
    "number": "14138"
  },
  {
    "name": "Debbie",
    "number": "92090"
  },
  {
    "name": "Felix",
    "number": "31093"
  },
  {
    "name": "John",
    "number": "90669"
  },
  {
    "name": "Deena",
    "number": "95953"
  },
  {
    "name": "Joan",
    "number": "77852"
  },
  {
    "name": "Kenneth",
    "number": "60632"
  },
  {
    "name": "Audrey",
    "number": "45925"
  },
  {
    "name": "Francisco",
    "number": "27402"
  },
  {
    "name": "Christopher",
    "number": "28376"
  },
  {
    "name": "Manuel",
    "number": "53477"
  },
  {
    "name": "Mark",
    "number": "66192"
  },
  {
    "name": "William",
    "number": "67707"
  },
  {
    "name": "Rebecca",
    "number": "54981"
  },
  {
    "name": "Arthur",
    "number": "41696"
  },
  {
    "name": "Robert",
    "number": "85202"
  },
  {
    "name": "Christopher",
    "number": "87286"
  },
  {
    "name": "Edwin",
    "number": "23842"
  },
  {
    "name": "Stacey",
    "number": "26436"
  },
  {
    "name": "Michael",
    "number": "24531"
  },
  {
    "name": "Janet",
    "number": "69655"
  },
  {
    "name": "Jeremy",
    "number": "74061"
  },
  {
    "name": "Patricia",
    "number": "30690"
  },
  {
    "name": "Julie",
    "number": "56907"
  },
  {
    "name": "Linda",
    "number": "38409"
  },
  {
    "name": "Evelyn",
    "number": "64820"
  },
  {
    "name": "Liana",
    "number": "75183"
  },
  {
    "name": "Simone",
    "number": "89037"
  },
  {
    "name": "Jeffrey",
    "number": "98708"
  },
  {
    "name": "Elizabeth",
    "number": "96667"
  },
  {
    "name": "Andy",
    "number": "82050"
  },
  {
    "name": "Chad",
    "number": "34572"
  },
  {
    "name": "James",
    "number": "33527"
  },
  {
    "name": "Ruby",
    "number": "78073"
  },
  {
    "name": "Naomi",
    "number": "43114"
  },
  {
    "name": "James",
    "number": "20565"
  },
  {
    "name": "Leonard",
    "number": "72238"
  },
  {
    "name": "Marguerite",
    "number": "30831"
  },
  {
    "name": "Maxine",
    "number": "34402"
  }
]